{"cameraMode":{"drawMode":0,"name":"Shaded","section":"Shading Mode"},"sceneLighting":false,"audioPlay":false,"sceneViewState":{"showFog":true,"showMaterialUpdate":false,"showSkybox":false,"showFlares":true,"showImageEffects":true,"showParticleSystems":true,"showVisualEffectGraphs":true,"m_FxEnabled":false},"in2DMode":false,"pivot":{"x":0.20824801921844483,"y":0.307618647813797,"z":0.10502710193395615},"rotation":{"x":0.02827533707022667,"y":-0.9662548303604126,"z":0.23168997466564179,"w":0.11204490065574646},"size":3.710824728012085,"orthographic":false}