{"cameraMode":{"drawMode":0,"name":"Shaded","section":"Shading Mode"},"sceneLighting":false,"audioPlay":false,"sceneViewState":{"showFog":true,"showMaterialUpdate":false,"showSkybox":false,"showFlares":true,"showImageEffects":true,"showParticleSystems":true,"showVisualEffectGraphs":true,"m_FxEnabled":false},"in2DMode":false,"pivot":{"x":1.2705131769180298,"y":0.10259804874658585,"z":6.086256980895996},"rotation":{"x":0.01450723223388195,"y":-0.7194159030914307,"z":0.6947742700576782,"w":0.013492679223418236},"size":2.210824966430664,"orthographic":false}