{"cameraMode":{"drawMode":0,"name":"Shaded","section":"Shading Mode"},"sceneLighting":false,"audioPlay":false,"sceneViewState":{"showFog":true,"showMaterialUpdate":false,"showSkybox":false,"showFlares":true,"showImageEffects":true,"showParticleSystems":true,"showVisualEffectGraphs":true,"m_FxEnabled":false},"in2DMode":false,"pivot":{"x":-0.12642981112003327,"y":0.09183869510889054,"z":6.341792106628418},"rotation":{"x":0.01450723223388195,"y":-0.7194159030914307,"z":0.6947742700576782,"w":0.013492679223418236},"size":3.9513370990753176,"orthographic":false}